date,published_utc,composite_score,catalyst_type,keyword_score,ticker_score,publisher_score,recency_score,title,tickers,ticker_count,keywords_matched,publisher,url,description
2025-01-06,2025-01-06T06:50:00Z,32,Mixed,4,10,0,0,Could the S&P 500 Target 7000+ in 2025?,"AMJB, JPM, JPMpC, JPMpD, JPMpJ, JPMpK, JPMpL, JPMpM, UBS, GS, GSpA, GSpC, GSpD, BAC, BACpB, BACpE, BACpK, BACpL, BACpM, BACpN, BACpO, BACpP, BACpQ, BACpS, BMLpG, BMLpH, BMLpJ, BMLpL, MERpK, MS, MSpA, MSpE, MSpF, MSpI, MSpK, MSpL, MSpO, MSpP, MSpQ, BERZ, BMO, BULZ, CARD, CARU, DULL, FLYD, FLYU, FNGD, FNGO, FNGS, FNGU, GDXD, GDXU, JETD, JETU, OILD, OILU, SHNY, WTID, WTIU, DB, DGP, DGZ, DZZ, RY, BCS, WFC, WFCpA, WFCpC, WFCpD, WFCpL, WFCpY, WFCpZ",73,"outlook, rate, war, forecast",Investing.com,https://www.investing.com/analysis/could-the-sp-500-target-7000-in-2025-200655876,"The article discusses the possibility of the S&P 500 reaching 7000+ by 2025, with many Wall Street analysts forecasting such a bullish outlook. However, the author cautions that these analysts have historically been inaccurate in their predictions, and that investors should be wary of such widespread optimism."
2025-01-06,2025-01-06T09:05:00Z,30,Mixed,3,10,0,1,Nearly 66% of Warren Buffett's Portfolio Is Invested in These 5 Stocks as 2025 Begins,"AAPL, AXP, BAC, BACpB, BACpE, BACpK, BACpL, BACpM, BACpN, BACpO, BACpP, BACpQ, BACpS, BMLpG, BMLpH, BMLpJ, BMLpL, MERpK, KO, CVX",20,"outlook, rate, war",The Motley Fool,https://www.fool.com/investing/2025/01/06/warren-buffett-portfolio-invested-stocks-2025/?source=iedfolrf0000001,"Warren Buffett's Berkshire Hathaway portfolio is heavily concentrated in 5 stocks - Apple, American Express, Bank of America, Coca-Cola, and Chevron - which make up nearly 66% of his holdings as 2025 begins. The article analyzes the performance and outlook for these top positions."
2025-01-06,2025-01-06T20:33:00Z,23,Earnings,1,10,0,0,Investors Look Back at 2024,"PLTR, VST, NVDA, UAL, AXON, WBA, INTC, MRNA, CE, DLTR",10,loss,The Motley Fool,https://www.fool.com/investing/2025/01/06/investors-look-back-at-2024/?source=iedfolrf0000001,"The article discusses the best and worst performing S&P 500 companies in 2024, highlighting themes like the rise of AI and the return to assets like Bitcoin and gold. It also analyzes the challenges faced by companies like Walgreens, Intel, and the weight loss drug industry."
2025-01-06,2025-01-06T18:16:54Z,22,Mixed,3,6,0,1,Why AST SpaceMobile Stock Popped on Monday,"ASTS, T, TBB, TpA, TpC, VZ",6,"offering, sec, miss",The Motley Fool,https://www.fool.com/investing/2025/01/06/why-ast-spacemobile-stock-popped-on-monday/?source=iedfolrf0000001,"AST SpaceMobile has secured up to 45 MHz of premium lower mid-band spectrum in the United States from Ligado Networks for $666.4 million. This will enhance AST's planned space-based cellular broadband offering, allowing it to support peak data transmission speeds up to 120 Mbps for its telecom partners, including AT&T and Verizon."
2025-01-06,2025-01-06T19:43:06Z,21,Mixed,2,7,0,1,Here's Why Wells Fargo Stock Climbed on Monday,"WFC, WFCpA, WFCpC, WFCpD, WFCpL, WFCpY, WFCpZ",7,"fed, resignation",The Motley Fool,https://www.fool.com/investing/2025/01/06/heres-why-wells-fargo-stock-climbed-on-monday/?source=iedfolrf0000001,"The article discusses the resignation of the Federal Reserve's top banking regulator, Michael Barr, and the potential impact on the banking industry. It suggests that Trump's appointment of a more banking-friendly successor could create a more favorable environment for banks like Wells Fargo to grow and make money."
2025-01-06,2025-01-06T10:55:00Z,21,General,0,10,0,1,"Money Transfer Agencies Market Report 2024-2033: Cross-Border Digital Transactions Surge, Leading Money Transfer Agencies Develop Cutting-Edge Apps for Improved Transaction Experience","AMJB, JPM, JPMpC, JPMpD, JPMpJ, JPMpK, JPMpL, JPMpM, BAC, BACpB, BACpE, BACpK, BACpL, BACpM, BACpN, BACpO, BACpP, BACpQ, BACpS, BMLpG, BMLpH, BMLpJ, BMLpL, MERpK, C, CpN, WFC, WFCpA, WFCpC, WFCpD, WFCpL, WFCpY, WFCpZ, HDB, IBN, WU, RELY, PAYO",38,,GlobeNewswire Inc.,https://www.globenewswire.com/news-release/2025/01/06/3004401/28124/en/Money-Transfer-Agencies-Market-Report-2024-2033-Cross-Border-Digital-Transactions-Surge-Leading-Money-Transfer-Agencies-Develop-Cutting-Edge-Apps-for-Improved-Transaction-Experienc.html,"The money transfer agencies market is expected to grow rapidly in the coming years, driven by the increasing prevalence of digital transactions, remittances from expatriates, and the development of innovative money transfer apps by leading companies."
2025-01-06,2025-01-06T09:38:00Z,21,General,0,10,0,1,"Reverse Factoring Market Report, 2018-2023, 2023-2028F, 2033F: Manufacturers Drive Growth with Innovative Financing to Enhance Supply Chain Stability","AMJB, JPM, JPMpC, JPMpD, JPMpJ, JPMpK, JPMpL, JPMpM, BAC, BACpB, BACpE, BACpK, BACpL, BACpM, BACpN, BACpO, BACpP, BACpQ, BACpS, BMLpG, BMLpH, BMLpJ, BMLpL, MERpK, SAN, HSBC, C, CpN, WFC, WFCpA, WFCpC, WFCpD, WFCpL, WFCpY, WFCpZ, ING, BCS, BBVA, DB, DGP, DGZ, DZZ, SMFG, MFG",44,,GlobeNewswire Inc.,https://www.globenewswire.com/news-release/2025/01/06/3004383/28124/en/Reverse-Factoring-Market-Report-2018-2023-2023-2028F-2033F-Manufacturers-Drive-Growth-with-Innovative-Financing-to-Enhance-Supply-Chain-Stability.html,"The reverse factoring market is expected to grow significantly in the coming years, driven by the increasing adoption of this financing solution by manufacturers to optimize working capital and maintain supply chain stability. Key trends include the development of digital reverse factoring platforms and the integration of reverse factoring with supply chain finance."
2025-01-06,2025-01-06T18:39:00Z,20,Mixed,5,2,0,1,"TMC DEADLINE: ROSEN, GLOBAL INVESTOR COUNSEL, Encourages TMC the metals company Inc. Investors with Losses in Excess of $100K to Secure Counsel Before Important January 7 Deadline in Securities Class Action – TMC","TMC, TMCWW",2,"revenue, rate, lawsuit, sec, loss",GlobeNewswire Inc.,https://www.globenewswire.com/news-release/2025/01/06/3004909/673/en/TMC-DEADLINE-ROSEN-GLOBAL-INVESTOR-COUNSEL-Encourages-TMC-the-metals-company-Inc-Investors-with-Losses-in-Excess-of-100K-to-Secure-Counsel-Before-Important-January-7-Deadline-in-Se.html,"The article discusses a securities class action lawsuit against TMC the metals company Inc. (TMC) for allegedly making false and/or misleading statements about its internal controls and financial reporting. The lawsuit claims that TMC inaccurately classified the sale of future revenue as deferred income rather than debt, which led to investor losses when the true details became known."
2025-01-06,2025-01-06T18:37:00Z,18,Corporate Event,3,4,0,1,"BRODSKY & SMITH SHAREHOLDER UPDATE: Notifying Investors of the Following Investigations: Predictive Oncology Inc. (Nasdaq - POAI), SunLink Health Systems, Inc. (NYSE American - SSY), Universal Stainless & Alloy Products, Inc. (Nasdaq - USAP), Patterson Companies, Inc. (Nasdaq - PDCO)","POAI, SSY, USAP, PDCO",4,"investigation, merger, acquisition",GlobeNewswire Inc.,https://www.globenewswire.com/news-release/2025/01/06/3004908/0/en/BRODSKY-SMITH-SHAREHOLDER-UPDATE-Notifying-Investors-of-the-Following-Investigations-Predictive-Oncology-Inc-Nasdaq-POAI-SunLink-Health-Systems-Inc-NYSE-American-SSY-Universal-Stai.html,Brodsky & Smith is investigating several companies regarding potential breaches of fiduciary duties by their boards in relation to proposed mergers and acquisitions.
2025-01-06,2025-01-06T12:15:00Z,18,Earnings,3,4,0,1,Is Amazon Poised to Beat the Market in 2025?,"AMZN, GOOG, GOOGL, META",4,"revenue, profit, beat",The Motley Fool,https://www.fool.com/investing/2025/01/06/is-amazon-poised-to-beat-the-market-in-2025/?source=iedfolrf0000001,"The article discusses Amazon's performance in 2024 and its prospects for 2025. It highlights Amazon's strong growth in advertising and cloud computing services, which have boosted the company's revenue and profits. The article suggests that while Amazon's stock price may be expensive, the company's growth potential makes it a good investment for the long term."
2025-01-06,2025-01-06T10:06:00Z,18,Macro,1,7,0,1,5 Stocks Warren Buffett Is Betting Big On for 2025,"SIRI, OXY, OXY.WS, DPZ, CB, BRK.A, BRK.B",7,war,The Motley Fool,https://www.fool.com/investing/2025/01/06/5-stocks-warren-buffett-is-betting-big-on-for-2025/?source=iedfolrf0000001,"Warren Buffett is betting big on five stocks in 2025: Sirius XM, Occidental Petroleum, Domino's Pizza, Chubb, and Berkshire Hathaway. These companies have strong competitive advantages, steady cash flows, and attractive valuations that appeal to the value-oriented Buffett."
2025-01-06,2025-01-06T09:42:00Z,18,Corporate Event,1,7,0,1,25 Top Dividend Stocks to Buy and Hold in 2025,"ARCC, EPD, D, PFE, O, TGT, UPS",7,sec,The Motley Fool,https://www.fool.com/investing/2025/01/06/25-top-dividend-stocks-to-buy-and-hold-in-2025/?source=iedfolrf0000001,"The article discusses 25 top dividend stocks to buy and hold in 2025, including companies from the financial, energy, healthcare, utility, and real estate sectors. It highlights the potential benefits of these stocks, such as attractive dividend yields, strong balance sheets, and promising growth prospects."
2025-01-06,2025-01-06T21:00:00Z,17,Mixed,5,1,0,0,"WOLF INVESTOR ALERT: Bronstein, Gewirtz & Grossman LLC Announces that Wolfspeed, Inc. Investors with Substantial Losses Have Opportunity to Lead Class Action Lawsuit",WOLF,1,"revenue, lawsuit, sec, loss, guidance",GlobeNewswire Inc.,https://www.globenewswire.com/news-release/2025/01/06/3004943/9788/en/WOLF-INVESTOR-ALERT-Bronstein-Gewirtz-Grossman-LLC-Announces-that-Wolfspeed-Inc-Investors-with-Substantial-Losses-Have-Opportunity-to-Lead-Class-Action-Lawsuit.html,"Wolfspeed, Inc. (WOLF) announced lower-than-expected revenue and guidance, leading to a 39% drop in stock price. A class action lawsuit has been filed on behalf of investors who purchased Wolfspeed securities between August 16, 2023, and November 06, 2024."
2025-01-06,2025-01-06T15:24:49Z,17,Mixed,3,3,0,2,SunLink Joins Forces With Regional Health Properties In All-Stock Deal: Shares Surge,"SSY, RHE, RHEpA",3,"rate, merger, deal",Benzinga,https://www.benzinga.com/25/01/42818706/sunlink-health-systems-joins-forces-with-regional-health-in-major-10-million-deal,"SunLink Health Systems and Regional Health Properties have announced a merger agreement, with SunLink shareholders owning approximately 43% of the combined company. The merger is expected to close in spring 2025 and generate $1 million in pre-tax cost synergies by fiscal 2026."
2025-01-06,2025-01-06T14:52:00Z,17,General,0,7,0,3,Carbon Fiber Reinforced Plastics (CFRP) Market to Reach USD 32.80 Billion by 2032 | CFRP's Role in Revolutionizing Aerospace and Automotive Efficiency,"HXL, OC, HUN, BA, BApA, TM, TSLA",7,,GlobeNewswire Inc.,https://www.globenewswire.com/news-release/2025/01/06/3004751/0/en/Carbon-Fiber-Reinforced-Plastics-CFRP-Market-to-Reach-USD-32-80-Billion-by-2032-CFRP-s-Role-in-Revolutionizing-Aerospace-and-Automotive-Efficiency.html,"The Carbon Fiber Reinforced Plastics (CFRP) market is expected to grow significantly, driven by the increasing adoption of CFRP in the aerospace and automotive industries due to its lightweight and high-strength properties, which enhance fuel efficiency and performance."
2025-01-07,2025-01-07T17:53:31Z,24,Earnings,1,10,0,1,Why AppLovin Stock Is Plummeting Today,"APP, BAC, BACpB, BACpE, BACpK, BACpL, BACpM, BACpN, BACpO, BACpP, BACpQ, BACpS, BMLpG, BMLpH, BMLpJ, BMLpL, MERpK",17,revenue,The Motley Fool,https://www.fool.com/investing/2025/01/07/why-applovin-stock-is-plummeting-today/?source=iedfolrf0000001,"AppLovin's stock is down 9.6% as Bank of America analyst Omar Dessouky estimates the company's app revenue will decline 4% sequentially in Q4, below the average Wall Street estimate of a 2% increase. The analyst maintained a buy rating and $375 price target, noting that gaming revenue softness may not be a major headwind for overall performance."
2025-01-07,2025-01-07T15:00:00Z,23,General,0,10,0,3,Leading Utilities Maintain Momentum With Business Customers of All Sizes,"NGG, CNP, D, DTB, DTE, DTG, DTW, AEP, DUK, DUKB, DUKH, DUKpA, XEL",13,,GlobeNewswire Inc.,https://www.globenewswire.com/news-release/2025/01/07/3005588/0/en/Leading-Utilities-Maintain-Momentum-With-Business-Customers-of-All-Sizes.html,"A new report from Escalent finds that business customer engagement with utilities has improved significantly, ending a trending decline that began in 2021. The Engaged Customer Relationship (ECR) score has turned around and reached 784 in 2024, with 24 utilities recognized as Business Utility Customer Champions for their exceptional performance."
2025-01-07,2025-01-07T10:00:00Z,23,Mixed,2,8,0,1,"Space Sensors and Actuators Market to surpass USD 10.9 billion by 2034, Says Global Market Insights inc.","AME, HON, MOG.A, MOG.B, RTX, TEL, TDY, TXN",8,"sec, miss",GlobeNewswire Inc.,https://www.globenewswire.com/news-release/2025/01/07/3005132/0/en/Space-Sensors-and-Actuators-Market-to-surpass-USD-10-9-billion-by-2034-Says-Global-Market-Insights-inc.html,"The space sensors and actuators market is expected to grow at a CAGR of 14.2% between 2025 and 2034, driven by technological advancements in sensor and actuator design. The market is witnessing increased investments from government and private enterprises for space exploration missions, driving continuous innovation in the sector."
2025-01-07,2025-01-07T13:22:00Z,22,General,0,10,0,2,"The Smartest Dividend Stock ETF to Buy With $2,000 Right Now","VIG, VYM, AAPL, AMJB, JPM, JPMpC, JPMpD, JPMpJ, JPMpK, JPMpL, JPMpM, MSFT, AVGO, UNH",14,,The Motley Fool,https://www.fool.com/investing/2025/01/07/the-smartest-dividend-stock-etf-to-buy-with-2000-r/?source=iedfolrf0000001,"The article discusses the Vanguard Dividend Appreciation ETF (VIG) as a potential long-term investment option for investors who are not relying on their portfolio for immediate income. It highlights the fund's focus on companies with a strong track record of dividend growth, which can provide better total returns over time compared to high-yield dividend ETFs."
2025-01-07,2025-01-07T10:45:00Z,22,Earnings,1,9,0,1,2025 Is the Year of BATMMAAN. Artificial Intelligence (AI) Leader Nvidia Is the $1 Trillion Stock to Buy.,"AVGO, AAPL, TSLA, MSFT, META, GOOG, GOOGL, AMZN, NVDA",9,earnings,The Motley Fool,https://www.fool.com/investing/2025/01/07/2025-artificial-intelligence-trillion-dollar-nvda/?source=iedfolrf0000001,"The article discusses the BATMMAAN stocks, a group of tech companies with over $1 trillion market caps, and highlights Nvidia as the only one that still looks undervalued based on its price-to-earnings growth ratio. The article suggests Nvidia is a good buy heading into 2025 due to its strong growth prospects in the AI and data center markets."
2025-01-07,2025-01-07T17:57:00Z,21,General,0,10,0,1,"Immersion Cooling Fluids Market Set For 8.2% Growth, Reaching $2.15 Billion by 2032 Globally","MMM, BP, CVX, EMN, XOM, HON, PSX, SHEL, ITW, CC, DOW, TTE, VRT",13,,GlobeNewswire Inc.,https://www.globenewswire.com/news-release/2025/01/07/3005766/0/en/Immersion-Cooling-Fluids-Market-Set-For-8-2-Growth-Reaching-2-15-Billion-by-2032-Globally.html,"The global immersion cooling fluids market is expected to grow at a CAGR of 8.2% from 2023 to 2032, driven by increasing demand from data centers, EV batteries, and solar photovoltaic cells. The market is segmented by type, technology, and end-use, with North America and Asia-Pacific being the key regional markets."
2025-01-07,2025-01-07T15:15:00Z,21,Earnings,1,8,0,2,These Were the 5 Top-Performing Stocks in the Dow Jones Industrial Average in 2024,"NVDA, WMT, AXP, GS, GSpA, GSpC, GSpD, AMZN",8,earnings,The Motley Fool,https://www.fool.com/investing/2025/01/07/these-were-the-5-top-performing-stocks-in-the-dow/?source=iedfolrf0000001,"The article discusses the top-performing Dow Jones stocks of 2024, including Nvidia, Walmart, American Express, and Goldman Sachs. It highlights the factors that contributed to their strong performance, such as AI enthusiasm, e-commerce growth, and consistent earnings growth."
2025-01-07,2025-01-07T11:45:00Z,21,Earnings,2,7,0,1,Is Rigetti Computing Stock a Buy in 2025?,"RGTI, RGTIW, GOOG, GOOGL, IBM, AMZN, MSFT",7,"revenue, quarter",The Motley Fool,https://www.fool.com/investing/2025/01/07/is-rigetti-computing-stock-a-buy-in-2025/?source=iedfolrf0000001,"Rigetti Computing, a quantum computer maker, has seen its stock surge 1,860% in the past six months. However, the company's quarterly revenue remains modest at $2.4 million, and it faces significant risks, including competition from tech giants and the long timeline for practical quantum computing applications."
2025-01-07,2025-01-07T13:00:12Z,20,Mixed,2,6,0,2,"US Stocks Could Open On A Tentative Note; Nvidia, AMD And Toyota On Investors' Radar: Experts Flag Over Reliance On AI, Tech Stocks","NVDA, AMD, MU, TM, SPY, QQQ",6,"war, sec",Benzinga,https://www.benzinga.com/markets/futures/25/01/42841776/us-stocks-could-open-on-a-tentative-note-nvidia-amd-and-toyota-on-investors-radar-experts-flag-ov,U.S. stocks could open on a tentative note as investors remain cautious about the market's reliance on AI and tech stocks. Experts warn that this overreliance could lead to a market correction or a bear market in the Nasdaq if a market rotation to other sectors does not occur soon.
2025-01-07,2025-01-07T02:00:00Z,20,Mixed,2,7,0,0,"Bragar Eagel & Squire, P.C. Reminds Investors That Class Action Lawsuits Have Been Filed Against Customers Bancorp, Rentokil, WBD, and Match and Encourages Investors to Contact the Firm","CUBB, CUBI, CUBIpE, CUBIpF, RTO, WBD, MTCH",7,"war, lawsuit",GlobeNewswire Inc.,https://www.globenewswire.com/news-release/2025/01/07/3005058/0/en/Bragar-Eagel-Squire-P-C-Reminds-Investors-That-Class-Action-Lawsuits-Have-Been-Filed-Against-Customers-Bancorp-Rentokil-WBD-and-Match-and-Encourages-Investors-to-Contact-the-Firm.html,"Bragar Eagel & Squire, P.C. has announced that class action lawsuits have been filed against Customers Bancorp, Rentokil, Warner Bros. Discovery, and Match Group, alleging various issues related to the companies' operations and financial reporting."
2025-01-07,2025-01-07T17:50:00Z,18,Corporate Event,3,4,0,1,"BRODSKY & SMITH SHAREHOLDER UPDATE: Notifying Investors of the Following Investigations: Paycor HCM, Inc. (Nasdaq - PYCR), Shutterstock, Inc. (NYSE - SSTK), Universal Stainless & Alloy Products, Inc. (Nasdaq - USAP), EnLink Midstream, LLC (NYSE – ENLC)","PYCR, SSTK, USAP, ENLC",4,"investigation, deal, acquisition",GlobeNewswire Inc.,https://www.globenewswire.com/news-release/2025/01/07/3005764/0/en/BRODSKY-SMITH-SHAREHOLDER-UPDATE-Notifying-Investors-of-the-Following-Investigations-Paycor-HCM-Inc-Nasdaq-PYCR-Shutterstock-Inc-NYSE-SSTK-Universal-Stainless-Alloy-Products-Inc-Na.html,"Brodsky & Smith is investigating several companies regarding potential breaches of fiduciary duties by their boards in relation to proposed acquisition deals, including Paycor HCM, Shutterstock, Universal Stainless & Alloy Products, and EnLink Midstream."
2025-01-07,2025-01-07T23:38:00Z,17,Mixed,5,1,0,0,"ROSEN, TRUSTED INVESTOR COUNSEL, Encourages Wolfspeed, Inc. Investors to Secure Counsel Before Important January 17 Deadline in Securities Class Action – WOLF",WOLF,1,"revenue, profit, lawsuit, sec, loss",GlobeNewswire Inc.,https://www.globenewswire.com/news-release/2025/01/07/3005906/673/en/ROSEN-TRUSTED-INVESTOR-COUNSEL-Encourages-Wolfspeed-Inc-Investors-to-Secure-Counsel-Before-Important-January-17-Deadline-in-Securities-Class-Action-WOLF.html,"Wolfspeed, Inc. is facing a securities class action lawsuit regarding alleged misrepresentations about the operational status and profitability of its Mohawk Valley fabrication facility. The lawsuit claims that Wolfspeed provided overly positive revenue projections while concealing material adverse facts, leading to investor losses."
2025-01-07,2025-01-07T12:15:00Z,16,Earnings,1,6,0,1,Here Are My Top 5 Nasdaq Stock to Buy in 2025,"META, GOOG, GOOGL, ASML, PYPL, MELI",6,outlook,The Motley Fool,https://www.fool.com/investing/2025/01/07/here-are-my-top-5-nasdaq-stocks-to-buy-in-2025/?source=iedfolrf0000001,"The article discusses five Nasdaq stocks that could outperform the broader index in 2025: Meta Platforms, Alphabet, ASML, PayPal, and MercadoLibre. The author provides a bullish outlook on these stocks, citing their strong AI capabilities, attractive valuations, and growth potential."
2025-01-07,2025-01-07T10:46:00Z,16,Macro,1,6,0,1,"Investing $50,000 in Each of These 5 Stocks Could Make You Nearly $17,500 in Passive Income in 2025","ARCC, ET, ETpI, EPD, PFE, VZ",6,rate,The Motley Fool,https://www.fool.com/investing/2025/01/07/investing-50000-in-each-of-these-5-stocks-could-ma/?source=iedfolrf0000001,"Investing $50,000 in each of 5 high-yield dividend stocks - Ares Capital, Energy Transfer, Enterprise Products Partners, Pfizer, and Verizon - could generate around $17,500 in passive income in 2025."
2025-01-07,2025-01-07T03:51:00Z,16,Macro,2,5,0,0,NVIDIA Expands Omniverse With Generative Physical AI,"ACN, ATAO, ANSS, CDNS, MSFT",5,"rate, war",GlobeNewswire Inc.,https://www.globenewswire.com/news-release/2025/01/07/3005071/0/en/NVIDIA-Expands-Omniverse-With-Generative-Physical-AI.html,"NVIDIA announced new generative AI models and blueprints that expand its Omniverse platform into physical AI applications such as robotics, autonomous vehicles, and vision AI. Leading software developers and professional services companies are adopting Omniverse to accelerate the next era of industrial AI."
2025-01-08,2025-01-08T18:03:03Z,30,Mixed,3,10,0,1,"Wall Street Mixed Ahead Of Fed Minutes, Dollar Bolsters Strength, Bitcoin Falls Below $95,000: What's Driving Markets Wednesday?","AMD, DIA, EBAY, IONQ, IONQ.WS, META, NVDA, QBTS, QBTS.WS, QUBT, RGTI, RGTIW",12,"fomc, ceo, fed",Benzinga,https://www.benzinga.com/economics/macro-economic-events/25/01/42882431/wall-street-mixed-ahead-of-fed-minutes-dollar-bolsters-strength-bitcoin-falls-bel,"Wall Street trades cautiously ahead of the release of the December FOMC meeting minutes, as the dollar surges and Bitcoin falls below $95,000. Quantum computing stocks decline after NVIDIA CEO's comments, while eBay rallies on news of integration with Facebook Marketplace."
2025-01-08,2025-01-08T10:52:00Z,27,Mixed,2,10,0,1,Here's the 1 Stock Warren Buffett Bought in 2024 He's Most Likely to Buy Again This Quarter,"CB, OXY, OXY.WS, SIRI, HEI, HEI.A, ULTA, DPZ, POOL, VRSN",10,"war, quarter",The Motley Fool,https://www.fool.com/investing/2025/01/08/heres-the-1-stock-warren-buffett-bought-in-2024-q1/?source=iedfolrf0000001,"Warren Buffett's Berkshire Hathaway bought several stocks in 2024, including Chubb, Occidental Petroleum, and Sirius XM. The article suggests that Occidental Petroleum is the most likely stock for Buffett to buy again this quarter, citing Buffett's positive sentiment towards the company and its relatively cheap valuation."
2025-01-08,2025-01-08T10:06:00Z,27,Mixed,2,10,0,1,325 Billion Reasons Warren Buffett Is Virtually Guaranteed to Buy His Favorite Stock in 2025,"BRK.A, BRK.B, AAPL, BAC, BACpB, BACpE, BACpK, BACpL, BACpM, BACpN, BACpO, BACpP, BACpQ, BACpS, BMLpG, BMLpH, BMLpJ, BMLpL, MERpK",19,"war, quarter",The Motley Fool,https://www.fool.com/investing/2025/01/08/325-billion-warren-buffett-buy-favorite-stock-2025/?source=iedfolrf0000001,"Warren Buffett's Berkshire Hathaway has accumulated a record $325 billion in cash, and the company is expected to use this to repurchase its own shares in 2025, as Buffett has been doing for the past 24 quarters."
2025-01-08,2025-01-08T14:18:00Z,26,Corporate Event,1,10,0,3,Historic API venture announces CEO,"ERIC, AMX, T, TBB, TpA, TpC, VIV, TMUS, VZ, VOD",10,ceo,Benzinga,https://www.benzinga.com/pressreleases/25/01/n42874575/historic-api-venture-announces-ceo,"Telecom operators and Ericsson have launched a new venture called Aduna, dedicated to accelerating the global adoption and innovation of common network APIs. Anthony Bartolo has been appointed as the CEO of Aduna."
2025-01-08,2025-01-08T18:40:02Z,25,Mixed,6,3,0,1,Nike's Getting Back To Being Nike,"NKE, FL, DKS",3,"revenue, rate, ceo, profit, quarter, beat",Benzinga,https://www.benzinga.com/news/small-cap/25/01/42883122/nikes-getting-back-to-being-nike,"Nike reported declining revenue and profit in its latest quarter, but beat estimates. The new CEO outlined a strategy to return the company to growth, focusing on key categories and restoring the trust of wholesale partners like Foot Locker and Dick's Sporting Goods."
2025-01-08,2025-01-08T16:52:00Z,24,Earnings,1,10,0,1,2024 Research Forecast Report: Global Healthcare Cognitive Computing Market Projected to Reach $150.25 Billion By 2035 from $10.81 Billion in 2024,"IBM, GOOG, GOOGL, MSFT, MDT, PHG, GEHC, HCAT, BFLY, BFLY.WS",10,forecast,GlobeNewswire Inc.,https://www.globenewswire.com/news-release/2025/01/08/3006518/28124/en/2024-Research-Forecast-Report-Global-Healthcare-Cognitive-Computing-Market-Projected-to-Reach-150-25-Billion-By-2035-from-10-81-Billion-in-2024.html,"The global healthcare cognitive computing market is expected to grow from $10.81 billion in 2024 to $150.25 billion by 2035, driven by the adoption of cloud services, increase in chronic diseases, and the need for advanced patient data analysis."
2025-01-08,2025-01-08T15:41:57Z,24,Earnings,6,2,0,2,Cintas-Targeted Uniform Supplier UniFirst Reports Mixed Q1 Results; Adjusts Annual Revenue Outlook,"UNF, CTAS",2,"revenue, outlook, results, beat, guidance, eps",Benzinga,https://www.benzinga.com/25/01/42878530/unifirst-reports-q1-results-adjusted-eps-beats-estimates-despite-sales-miss,"UniFirst reported mixed Q1 results, with adjusted EPS beating estimates but revenue slightly below consensus. The company revised its FY25 revenue outlook but maintained EPS guidance. Cintas had submitted a proposal to acquire UniFirst, which was rejected by the company."
2025-01-08,2025-01-08T10:12:00Z,24,Macro,1,10,0,1,Warren Buffett's Warning to Investors Is Hard to Ignore,"BRK.A, BRK.B, AAPL, SNOW, PARA, PARAA, HPQ, CB, DPZ, POOL",10,war,The Motley Fool,https://www.fool.com/investing/2025/01/08/warren-buffetts-warning-to-investors-is-hard-to-ig/?source=iedfolrf0000001,"The article discusses how Warren Buffett's Berkshire Hathaway has been selling stocks, suggesting a potential market downturn, but advises that investors shouldn't avoid the market completely and should focus on finding individual bargains."
2025-01-08,2025-01-08T10:45:27Z,21,Mixed,2,7,0,1,US Stocks To Open Higher As Futures Advance: Christopher Wood Expects Trump's Inflationary Policies To Hurt Market,"AYI, AIR, FUBO, BHAT, XTIA, SPY, QQQ",7,"outlook, inflation",Benzinga,https://www.benzinga.com/25/01/42868387/us-stocks-to-open-higher-as-futures-advance-christopher-wood-expects-trumps-inflationary-policies-to-hurt-market,"U.S. stock futures advanced on Wednesday, but the market has remained sluggish in the past few days. Christopher Wood from Jefferies expects Trump's inflationary policies to hurt the market, while analysts remain bullish on the long-term outlook."
2025-01-08,2025-01-08T15:00:00Z,20,Macro,1,7,0,3,IoT Breakthrough Recognizes Standout Internet-of-Things Innovators in 9th Annual IoT Breakthrough Awards Program,"SONO, REZI, ADT, CSCO, EMR, VOD, ERIC",7,war,GlobeNewswire Inc.,https://www.globenewswire.com/news-release/2025/01/08/3006394/0/en/IoT-Breakthrough-Recognizes-Standout-Internet-of-Things-Innovators-in-9th-Annual-IoT-Breakthrough-Awards-Program.html,"The IoT Breakthrough Awards program recognized the top companies and products driving innovation in the Internet-of-Things industry, including advancements in connected homes, industrial IoT, and smart city technologies."
2025-01-08,2025-01-08T01:39:00Z,20,Mixed,6,1,0,0,"Symbotic (SYM) Restates Financials, Faces Scrutiny Amid Accounting Concerns – Hagens Berman",SYM,1,"revenue, investigation, profit, lawsuit, sec, quarter",GlobeNewswire Inc.,https://www.globenewswire.com/news-release/2025/01/08/3005923/32716/en/Symbotic-SYM-Restates-Financials-Faces-Scrutiny-Amid-Accounting-Concerns-Hagens-Berman.html,"Symbotic Inc. has filed restated financial statements for three fiscal 2024 quarters, revealing significant errors in its previously reported revenue and profitability figures. The company is facing a securities fraud class action lawsuit, and a prominent law firm has launched an investigation into the accounting errors."
2025-01-08,2025-01-08T12:15:00Z,19,Mixed,4,3,0,1,This Stock-Split Stock Is Up 40% in a Month. Is It Too Late to Buy?,"AVGO, TSM, NVDA",3,"revenue, war, offering, acquisition",The Motley Fool,https://www.fool.com/investing/2025/01/08/this-stock-split-stock-is-up-40-in-a-month-is-it-t/?source=iedfolrf0000001,"Broadcom's strong AI-related revenue growth has driven its stock price higher, but its overall organic growth is only 11%. The company's acquisition of VMware has also raised concerns about price hikes and customer backlash. While Broadcom's AI offerings are impressive, the stock's valuation is considered too high compared to its expected growth, and investors may find better options elsewhere."
2025-01-08,2025-01-08T03:48:00Z,19,Mixed,5,2,0,0,"CAPRI HOLDINGS SHAREHOLDER ALERT BY FORMER LOUISIANA ATTORNEY GENERAL: KAHN SWICK & FOTI, LLC REMINDS INVESTORS WITH LOSSES IN EXCESS OF $100,000 of Lead Plaintiff Deadline in Class Action Lawsuit Against Capri Holdings Limited - CPRI","CPRI, TPR",2,"fed, lawsuit, acquisition, sec, loss",GlobeNewswire Inc.,https://www.globenewswire.com/news-release/2025/01/08/3005945/6713/en/CAPRI-HOLDINGS-SHAREHOLDER-ALERT-BY-FORMER-LOUISIANA-ATTORNEY-GENERAL-KAHN-SWICK-FOTI-LLC-REMINDS-INVESTORS-WITH-LOSSES-IN-EXCESS-OF-100-000-of-Lead-Plaintiff-Deadline-in-Class-Act.html,"Capri Holdings Limited (CPRI) is facing a class action lawsuit alleging failure to disclose material information during the class period from August 10, 2023 to October 24, 2024. The lawsuit claims that Capri and its executives violated federal securities laws, and the company's share price fell nearly 50% after a court ruling that blocked Tapestry's acquisition of Capri."
2025-01-08,2025-01-08T23:14:00Z,18,Mixed,2,6,0,0,"New York Mortgage Trust, Inc. Announces Pricing of Public Offering of Senior Notes","NYMT, NYMTI, NYMTL, NYMTM, NYMTN, NYMTZ",6,"rate, offering",GlobeNewswire Inc.,https://www.globenewswire.com/news-release/2025/01/08/3006751/12581/en/New-York-Mortgage-Trust-Inc-Announces-Pricing-of-Public-Offering-of-Senior-Notes.html,"New York Mortgage Trust, Inc. announced the pricing of a $75 million public offering of 9.125% senior notes due 2030. The company intends to use the net proceeds for general corporate purposes, including acquiring targeted assets and working capital."
2025-01-08,2025-01-08T09:30:00Z,18,Earnings,1,7,0,1,"Satellite Communication Market to surpass USD 71.5 billion by 2034, Says Global Market Insights inc.","SATS, GD, GILT, HON, IRDM, LHX, VSAT",7,forecast,GlobeNewswire Inc.,https://www.globenewswire.com/news-release/2025/01/08/3006005/0/en/Satellite-Communication-Market-to-surpass-USD-71-5-billion-by-2034-Says-Global-Market-Insights-inc.html,"The satellite communication market is expected to grow significantly, driven by the increasing demand for reliable internet connectivity, particularly in remote and underserved areas. The services segment is projected to experience the highest growth, with a CAGR of 12.5% during the forecast period."
2025-01-09,2025-01-09T21:03:24Z,29,Mixed,3,10,0,0,The Speed Bump That Sent Nio Plunging 51% in 2024,"NIO, BAC, BACpB, BACpE, BACpK, BACpL, BACpM, BACpN, BACpO, BACpP, BACpQ, BACpS, BMLpG, BMLpH, BMLpJ, BMLpL, MERpK",17,"war, profit, tariff",The Motley Fool,https://www.fool.com/investing/2025/01/09/the-speed-bump-that-sent-nio-plunging-51-in-2024/?source=iedfolrf0000001,"Nio, a major player in the Chinese electric vehicle (EV) market, faced a challenging 2024 with a 51% stock decline. The company navigated a vicious price war in China and higher tariffs in Europe, but managed to improve its vehicle margins. Investors can expect more volatility as Nio drives towards profitability, with potential growth opportunities ahead."
2025-01-09,2025-01-09T15:53:00Z,28,Mixed,2,10,0,2,"NUT Midline Carcinoma Treatment Market Research Report 2023-2024 & 2034: Market Forecast by Treatment, Route of Administration, and End-User Across 5 Regions and 17+ Countries","NVS, GILD, MRK, BMY, CELGr, AMGN, AZN, SNY, LLY, ABBV, BPMC, ZYME, CCCC",13,"war, forecast",GlobeNewswire Inc.,https://www.globenewswire.com/news-release/2025/01/09/3007196/28124/en/NUT-Midline-Carcinoma-Treatment-Market-Research-Report-2023-2024-2034-Market-Forecast-by-Treatment-Route-of-Administration-and-End-User-Across-5-Regions-and-17-Countries.html,"The global NUT midline carcinoma treatment market is expected to grow from $21.88 billion in 2023 to $79.38 billion by 2034, driven by increased investment in cancer research, advances in targeted therapy, and growing awareness of rare cancers. North America and Asia Pacific are expected to be the key growth regions."
2025-01-09,2025-01-09T09:52:00Z,27,Mixed,2,10,0,1,"Immunotoxins Market Trends and Regional Business Opportunities, 2024-2034: Diphtheria Toxin-Based Immunotoxins Lead Revenue, Pseudomonas Exotoxins Show Rapid Growth Potential","AMGN, ABBV, AZN, BMY, CELGr, NVS, MRK, BNTX, MGNX, IOVA, ZYME",11,"approval, revenue",GlobeNewswire Inc.,https://www.globenewswire.com/news-release/2025/01/09/3006862/28124/en/Immunotoxins-Market-Trends-and-Regional-Business-Opportunities-2024-2034-Diphtheria-Toxin-Based-Immunotoxins-Lead-Revenue-Pseudomonas-Exotoxins-Show-Rapid-Growth-Potential.html,"The global immunotoxins market is projected to grow at a CAGR of 8.11% from 2024 to 2034, driven by the rising prevalence of malignancies, increased R&D, and the approval of new immunotoxin therapies. Diphtheria toxin-based immunotoxins lead revenue, while Pseudomonas exotoxins show rapid growth potential."
2025-01-09,2025-01-09T08:12:00Z,26,Earnings,2,10,0,0,Don't Be a Grinch; Keep Holding,"GOOG, GOOGL, AMJB, JPM, JPMpC, JPMpD, JPMpJ, JPMpK, JPMpL, JPMpM, BAC, BACpB, BACpE, BACpK, BACpL, BACpM, BACpN, BACpO, BACpP, BACpQ, BACpS, BMLpG, BMLpH, BMLpJ, BMLpL, MERpK, LULU, TGT, WMT",29,"profit, loss",The Motley Fool,https://www.fool.com/investing/2025/01/09/dont-be-a-grinch-keep-holding/?source=iedfolrf0000001,"The stock market experienced a post-holiday hangover, with the S&P 500 down about 2% since Christmas. This was likely due to some end-of-year profit-taking and tax loss harvesting. However, the market has had a strong year overall, with the S&P 500 up around 26-27% year-to-date. Analysts are also keeping an eye on consumer credit card debt and delinquencies, which could impact discretionary spending in 2025."
2025-01-09,2025-01-09T13:44:00Z,25,Earnings,1,10,0,2,Is Nvidia Stock Going to $190? 1 Wall Street Analyst Thinks So.,"NVDA, BAC, BACpB, BACpE, BACpK, BACpL, BACpM, BACpN, BACpO, BACpP, BACpQ, BACpS, BMLpG, BMLpH, BMLpJ, BMLpL, MERpK",17,revenue,The Motley Fool,https://www.fool.com/investing/2025/01/09/nvidia-stock-going-190-wall-street-analyst/?source=iedfolrf0000001,"Nvidia is benefiting from the shift to accelerating computing and growing adoption of AI solutions, but its revenue growth is expected to slow down. Bank of America analyst Vivek Arya predicts Nvidia's stock price could reach $190, implying significant upside potential, but a lower valuation multiple could also lead to a 10% decline in the stock price."
2025-01-09,2025-01-09T08:42:00Z,24,Earnings,1,10,0,1,Tesla: How 2025 Trajectory Looks as Trump Frenzy Calms Down,"TSLA, LYFT, UBER, BAC, BACpB, BACpE, BACpK, BACpL, BACpM, BACpN, BACpO, BACpP, BACpQ, BACpS, BMLpG, BMLpH, BMLpJ, BMLpL, MERpK",19,outlook,Investing.com,https://www.investing.com/analysis/tesla-how-2025-trajectory-looks-as-trump-frenzy-calms-down-200656021,"The article discusses Tesla's stock performance and outlook for 2025 as the Trump-Musk alliance frenzy calms down. It highlights Tesla's challenges with the Cybertruck and the uncertainty around its full self-driving (FSD) technology, which has led to a downgrade by Bank of America. However, the article also notes Tesla's leading position in the EV market and its potential in the robotaxi business."
2025-01-09,2025-01-09T15:55:00Z,23,Macro,1,9,0,2,2024 Research Report: Care Management Solutions Market Projected to Reach USD 67.02 Billion by 2035,"HSMD, MCK, MDT, GEHC, UNH, CSCO, HCAT, TDOC, DELL",9,war,GlobeNewswire Inc.,https://www.globenewswire.com/news-release/2025/01/09/3007197/28124/en/2024-Research-Report-Care-Management-Solutions-Market-Projected-to-Reach-USD-67-02-Billion-by-2035.html,"The care management solutions market is expected to grow from $14.88 billion in 2024 to $67.02 billion by 2035, driven by factors like the rise in chronic diseases, adoption of digital health technologies, and supportive government initiatives. The software segment and web-based delivery models currently dominate the market, while cloud-based solutions and services are set to experience the fastest growth."
2025-01-09,2025-01-09T19:34:00Z,21,Mixed,6,1,0,1,Symbotic (SYM) Restates Financial Results Amid Securities Class Action Over Improper Accounting – Hagens Berman,SYM,1,"revenue, profit, lawsuit, sec, quarter, results",GlobeNewswire Inc.,https://www.globenewswire.com/news-release/2025/01/09/3007311/32716/en/Symbotic-SYM-Restates-Financial-Results-Amid-Securities-Class-Action-Over-Improper-Accounting-Hagens-Berman.html,"Symbotic, a Massachusetts-based automation technology company, has filed restated financial statements for three fiscal 2024 quarters, revealing significant errors in its previously reported revenue and profitability figures. The restatements come as the company faces a securities fraud class action lawsuit alleging improper accounting practices."
2025-01-09,2025-01-09T19:12:20Z,20,Corporate Event,1,8,0,1,"Obesity Treatments, M&A Activity To Take Center Stage During Upcoming JPM Healthcare Conference","AMGN, BMY, CELGr, GILD, LLY, MRK, PFE, REGN",8,sec,Benzinga,https://www.benzinga.com/general/biotech/25/01/42901177/obesity-treatments-ma-activity-to-take-center-stage-during-upcoming-jpm-healthcare-conference,"The upcoming JPM Healthcare Conference is expected to focus on obesity treatments and M&A activity in the biopharma sector. Analysts project key drug launches, such as Bristol-Myers Squibb's Cobenfy, to fuel growth in 2025, while sentiment remains mixed for the US Large Cap BioPharma group."
2025-01-09,2025-01-09T18:00:00Z,20,Earnings,1,8,0,1,"Rare Endocrinology and Metabolic Disorders Market Analysis: Emerging Trends and Future Outlook of Hypophosphatasia, Congenital Adrenal Hyperplasia, and Severe Hypertriglyceridemia | DelveInsight","AZN, NBIX, SPRB, CRNX, BBIO, IONS, ARWR, ETNB",8,outlook,GlobeNewswire Inc.,https://www.globenewswire.com/news-release/2025/01/09/3007282/0/en/Rare-Endocrinology-and-Metabolic-Disorders-Market-Analysis-Emerging-Trends-and-Future-Outlook-of-Hypophosphatasia-Congenital-Adrenal-Hyperplasia-and-Severe-Hypertriglyceridemia-Del.html,"The article discusses the rare endocrinology and metabolic disorders market, focusing on hypophosphatasia, congenital adrenal hyperplasia, and severe hypertriglyceridemia. It highlights the challenges faced by patients, the current treatment landscape, and the pipeline of emerging therapies."
2025-01-09,2025-01-09T09:30:00Z,20,Mixed,3,5,0,1,Can the 5 Worst-Performing Stock Market Sectors in 2024 Beat the S&P 500 in 2025?,"VDC, VDE, VNQ, VHT, VAW",5,"outlook, sec, beat",The Motley Fool,https://www.fool.com/investing/2025/01/09/worst-performing-stock-sectors-2024-2025/?source=iedfolrf0000001,"The article discusses the five worst-performing Vanguard sector ETFs in 2024, including consumer staples, energy, real estate, healthcare, and materials. It provides insights into the performance, valuation, and future outlook for each sector."
2025-01-09,2025-01-09T18:08:05Z,19,Mixed,4,3,0,1,BP Secures Landmark Deal With India's ONGC: Details,"BP, NDIV, OILT",3,"revenue, rate, deal, sec",Benzinga,https://www.benzinga.com/news/contracts/25/01/42900479/bp-secures-landmark-deal-with-indias-ongc-details,"BP has been selected by India's ONGC as a Technical Services Provider to enhance production from the Mumbai High Field. The agreement targets a significant increase in crude oil and gas production, expected to generate up to $10.3 billion in additional revenue."
2025-01-09,2025-01-09T10:00:00Z,19,General,0,9,0,1,"Electric Baby Car Market to hit USD 414.9 billion by 2032, says Global Market Insights Inc.","F, FpB, FpC, FpD, GM, HMC, TNCFF, RIVN, TSLA",9,,GlobeNewswire Inc.,https://www.globenewswire.com/news-release/2025/01/09/3006864/0/en/Electric-Baby-Car-Market-to-hit-USD-414-9-billion-by-2032-says-Global-Market-Insights-Inc.html,"The electric baby car market is projected to grow at a CAGR of 7.2% from 2024 to 2032, driven by rising consumer interest in eco-friendly products. Ride-on cars and rechargeable battery-powered options are expected to dominate the market."
2025-01-09,2025-01-09T03:47:00Z,19,Mixed,5,2,0,0,"CAPRI HOLDINGS SHAREHOLDER ALERT: CLAIMSFILER REMINDS INVESTORS WITH LOSSES IN EXCESS OF $100,000 of Lead Plaintiff Deadline in Class Action Lawsuit Against Capri Holdings Limited - CPRI","CPRI, TPR",2,"merger, fed, lawsuit, miss, loss",GlobeNewswire Inc.,https://www.globenewswire.com/news-release/2025/01/09/3006791/35454/en/CAPRI-HOLDINGS-SHAREHOLDER-ALERT-CLAIMSFILER-REMINDS-INVESTORS-WITH-LOSSES-IN-EXCESS-OF-100-000-of-Lead-Plaintiff-Deadline-in-Class-Action-Lawsuit-Against-Capri-Holdings-Limited-CP.html,"Capri Holdings Limited (CPRI) is facing a class action lawsuit alleging failure to disclose material information during the class period from August 10, 2023 to October 24, 2024. The lawsuit is related to Capri's proposed merger with Tapestry, Inc., which was blocked by the U.S. Federal Trade Commission."
2025-01-09,2025-01-09T13:15:00Z,18,Mixed,2,5,0,2,Here Are Billionaire Stanley Druckenmiller's 5 Biggest Stock Holdings,"NTRA, CPNG, COHR, WWD, STX",5,"revenue, war",The Motley Fool,https://www.fool.com/investing/2025/01/09/here-are-stanley-druckenmillers-5-biggest-holdings/?source=iedfolrf0000001,"Stanley Druckenmiller's Duquesne Family Office investment vehicle has been concentrating its capital in a diverse mix of growth stocks and established businesses with substantial revenue opportunities, including Natera, Coupang, Coherent, Woodward, and Seagate Technology."
2025-01-10,2025-01-10T17:25:31Z,36,Mixed,5,10,0,1,"Deal Dispatch: TD Bank To Sell Charles Schwab Stake? Eyenovia, Smart Share Hit Auction Block","CEG, DIS, EM, EYEN, FUBO, GT, KKR, KKRS, PAYX, PYCR, TD",11,"rate, merger, deal, buyout, acquisition",Benzinga,https://www.benzinga.com/ma/25/01/42921113/deal-dispatch-td-bank-charles-schwab-eyenovia-smart-share-hit-auction-block,"TD Bank is considering selling its 10.1% stake in Charles Schwab as part of a strategic review. Eyenovia hired an investment bank to explore a reverse merger or sale, while Smart Share Global and Modernizing Medicine are also considering buyout offers. Several companies, including true Religion and Calpine, have been involved in mergers and acquisitions."
2025-01-10,2025-01-10T13:30:00Z,34,Mixed,4,10,0,2,Q4 Earnings Season Preview: S&P 500 Stocks Poised for Strongest Growth in 3 Years,"AMJB, JPM, JPMpC, JPMpD, JPMpJ, JPMpK, JPMpL, JPMpM, WFC, WFCpA, WFCpC, WFCpD, WFCpL, WFCpY, WFCpZ, C, CpN, BLK, DIVB, BAC, BACpB, BACpE, BACpK, BACpL, BACpM, BACpN, BACpO, BACpP, BACpQ, BACpS, BMLpG, BMLpH, BMLpJ, BMLpL, MERpK, GS, GSpA, GSpC, GSpD, MS, MSpA, MSpE, MSpF, MSpI, MSpK, MSpL, MSpO, MSpP, MSpQ, UNH, TSM, NFLX, AXP, JNJ, PG, GE, AAL, UAL, VZ, MSFT, GOOG, GOOGL, TSLA, META, AMZN, AAPL, XOM, CVX, COP, EOG, SLB, KMI, CAT, BA, BApA, LMT, HON, DE",78,"rate, forecast, sec, earnings",Investing.com,https://www.investing.com/analysis/q4-earnings-season-preview-sp-500-stocks-poised-for-strongest-growth-in-3-years-200656072,"The S&P 500 is expected to report its highest year-over-year earnings growth rate in three years in Q4 2024, led by the Financials, Communication Services, and Information Technology sectors. However, the Energy sector is forecast to see a significant decline in earnings."
2025-01-10,2025-01-10T13:53:00Z,28,Corporate Event,2,10,0,2,Invesco Ltd: Form 8.3 - International Paper Co; Public dealing disclosure,"IP, BKLN, BLKC, CGW, CQQQ, CUT, DIVG, DWAS, EELV, EEMO, GBLD, GRPZ, IBBQ, IDHQ, IDMO, IPKW, IVZ, KBWB, KBWD, KBWP, KLMT, PBD, PBTP, PBUS, PCEF, PCY, PGX, PIE, PIO, PIZ, PSCC, PSCD, PSCE, PSCF, PSCH, PSCI, PSCM, PSCT, PSCU, PVI, PWZ, PZT, QOWZ, QQJG, QQMG, QQQJ, QQQM, QQQS, QVML, QVMM, QVMS, RDIV, RWJ, RWK, RWL, SATO, SOXQ, SPHB, SPHD, SPMO, SPMV, SPVU, TAN, VRP, XMLV, XRLV, XSHD",67,"deal, sec",GlobeNewswire Inc.,https://www.globenewswire.com/news-release/2025/01/10/3007707/0/en/Invesco-Ltd-Form-8-3-International-Paper-Co-Public-dealing-disclosure.html,Invesco Ltd. disclosed its ownership of 2.28% of the common stock of International Paper Company. The company also disclosed dealings in the securities of Smith (DS) PLC.
2025-01-10,2025-01-10T21:33:44Z,27,Macro,5,6,0,0,"US Labor Market Smashes Expectations, Wall Street Erases Post-Election Rally As Interest Rate Anxiety Grows: This Week In The Markets","ALL, ALLpB, ALLpH, ALLpI, ALLpJ, TRV",6,"rate, fed, jobs, ppi, unemployment",Benzinga,https://www.benzinga.com/25/01/42928629/us-labor-market-smashes-expectations-wall-street-erases-post-election-rally-as-interest-rateanxiety-grows-this-we,"The US labor market surged in December, with 256,000 new jobs and unemployment dropping to 4.1%. However, this strong performance has raised fears that the Federal Reserve will delay interest rate cuts, leading to a sell-off in the stock market."
2025-01-10,2025-01-10T14:55:00Z,27,Mixed,4,6,0,3,"SHAREHOLDER NOTICE: Halper Sadeh LLC Investigates GETY, CLBR, VINC, NEUE on Behalf of Shareholders","GETY, CLBR, CLBR.U, CLBR.WS, VINC, NEUE",6,"merger, fed, acquisition, sec",GlobeNewswire Inc.,https://www.globenewswire.com/news-release/2025/01/10/3007786/0/en/SHAREHOLDER-NOTICE-Halper-Sadeh-LLC-Investigates-GETY-CLBR-VINC-NEUE-on-Behalf-of-Shareholders.html,"Halper Sadeh LLC, an investor rights law firm, is investigating potential violations of federal securities laws and breaches of fiduciary duties to shareholders in several merger and acquisition transactions, including Getty Images Holdings, Inc., Colombier Acquisition Corp. II, Vincerx Pharma, Inc., and NeueHealth, Inc."
2025-01-10,2025-01-10T09:53:00Z,27,Mixed,2,10,0,1,"Artificial Intelligence (AI) In Banking Market Forecasts 2025-2030: Growth Opportunities, Challenges, Regulatory Framework, Customer Behaviour, and Trend Analysis","BAC, BACpB, BACpE, BACpK, BACpL, BACpM, BACpN, BACpO, BACpP, BACpQ, BACpS, BMLpG, BMLpH, BMLpJ, BMLpL, MERpK",16,"forecast, sec",GlobeNewswire Inc.,https://www.globenewswire.com/news-release/2025/01/10/3007462/28124/en/Artificial-Intelligence-AI-In-Banking-Market-Forecasts-2025-2030-Growth-Opportunities-Challenges-Regulatory-Framework-Customer-Behaviour-and-Trend-Analysis.html,"The AI in banking market is expected to grow at a CAGR of 17.96% from 2025 to 2030, reaching $75.357 billion. AI integration is transforming the banking sector, leading to a more customer-centric approach and enhanced security. Factors driving growth include the increase in digital payments and the widespread adoption of AI in China's banking sector."
2025-01-10,2025-01-10T14:41:00Z,24,Mixed,3,6,0,3,"UK Gluten Free Food Market Research 2024-2028: Trends, Challenges, Investment Opportunities and Strategic Analysis","GIS, KLG, MKC, MKC.V, HAIN, KHC",6,"rate, war, forecast",GlobeNewswire Inc.,https://www.globenewswire.com/news-release/2025/01/10/3007782/28124/en/UK-Gluten-Free-Food-Market-Research-2024-2028-Trends-Challenges-Investment-Opportunities-and-Strategic-Analysis.html,"The UK gluten-free food market is forecasted to grow by USD 253 million during 2023-2028, driven by increasing awareness of health benefits, growing demand for gluten-free bakery products, and more gluten-free options on restaurant menus. The report identifies the growing demand for organic gluten-free products as a key driver of market growth."
2025-01-10,2025-01-10T15:01:47Z,23,Earnings,5,3,0,2,"TD SYNNEX Delivers Strong Q4, Raises Dividend Amid IT Growth Momentum; Stock Gains","SNX, RSMC, RWK",3,"revenue, outlook, results, beat, eps",Benzinga,https://www.benzinga.com/25/01/42915528/td-synnex-shares-delivers-earnings-beat-and-boosts-dividend-by-10,"TD SYNNEX reported strong Q4 results, with revenue and adjusted EPS beating estimates. The company also raised its dividend by 10% and provided a positive outlook for Q1. The stock gained on the news."
2025-01-10,2025-01-10T16:19:22Z,22,Macro,6,1,0,2,"December Jobs Report A 'Wake-Up Call For Anyone Betting On Rate Cuts,' Analyst Says",LPLA,1,"rate, war, fed, jobs, payroll, inflation",Benzinga,https://www.benzinga.com/economics/macro-economic-events/25/01/42918778/december-jobs-report-a-wake-up-call-for-anyone-betting-on-rate-cuts-analyst-says,"The strong December jobs report, with 256,000 payrolls added, defies expectations of imminent rate cuts by the Federal Reserve. Economists warn that persistent wage growth and inflation pressures continue to challenge the Fed's ability to ease policy anytime soon."
2025-01-10,2025-01-10T14:37:00Z,21,Corporate Event,2,6,0,3,"Kuehn Law Encourages VINC, NEUE, GETY, and CLBR Investors to Contact Law Firm","VINC, NEUE, GETY, CLBR, CLBR.U, CLBR.WS",6,"merger, acquisition",GlobeNewswire Inc.,https://www.globenewswire.com/news-release/2025/01/10/3007778/0/en/Kuehn-Law-Encourages-VINC-NEUE-GETY-and-CLBR-Investors-to-Contact-Law-Firm.html,"Kuehn Law, a shareholder litigation law firm, is investigating potential claims related to proposed mergers involving Vincerx Pharma, NeueHealth, Getty Images Holdings, and Colombier Acquisition Corp, II. The firm is examining whether the boards of these companies acted to maximize shareholder value, failed to disclose material information, and conducted a fair process."
2025-01-10,2025-01-10T10:58:00Z,21,Mixed,2,7,0,1,Nicotine Replacement Therapies Market Forecast to Reach $7.52 Billion by 2032: Growing Shift Towards Personalised Nicotine Replacement Therapies,"GSK, PFE, JNJ, NVS, BTI, MRK, RDY",7,"war, forecast",GlobeNewswire Inc.,https://www.globenewswire.com/news-release/2025/01/10/3007486/28124/en/Nicotine-Replacement-Therapies-Market-Forecast-to-Reach-7-52-Billion-by-2032-Growing-Shift-Towards-Personalised-Nicotine-Replacement-Therapies.html,"The global nicotine replacement therapy market is expected to grow at a CAGR of 9.3% from 2024 to 2032, driven by rising health awareness, government initiatives, and technological advancements. Key players in the market include GSK, Pfizer, Johnson & Johnson, and others."
2025-01-10,2025-01-10T10:12:00Z,21,Mixed,2,7,0,1,Can the 3 Best-Performing Stock Market Sectors in 2024 Crush the S&P 500 Again in 2025?,"GOOG, GOOGL, META, NFLX, VOX, VFH, VCR",7,"outlook, sec",The Motley Fool,https://www.fool.com/investing/2025/01/10/buy-vanguard-sector-etf-stock-growth-2025/?source=iedfolrf0000001,"The communications, financials, and consumer discretionary sectors were the top-performing sectors in 2024, outpacing the S&P 500. The article analyzes the factors behind their strong performance and the outlook for these sectors in 2025."
2025-01-10,2025-01-10T15:51:56Z,19,Earnings,1,7,0,2,"The Week In Cannabis: Tilray Earnings, NY Hits $1B In Sales, DoorDash Embraces Hemp, Ukraine And More","TLRY, DASH, AGFY, SHFS, SHFSW, MJUS, CGC",7,earnings,Benzinga,https://www.benzinga.com/news/earnings/25/01/42917875/the-week-in-cannabis-tilray-earnings-ny-hits-1b-in-sales-doordash-embraces-hemp-ukraine-and-more,"The cannabis industry saw significant developments this week, including New York reaching $1 billion in sales, Tilray reporting earnings, DoorDash expanding into hemp-derived products, and Ukraine registering its first medical cannabis product."
2025-01-10,2025-01-10T12:45:00Z,19,Earnings,1,7,0,2,Is Tesla Stock a Buy Now?,"TSLA, F, FpB, FpC, FpD, GM, NVDA",7,profit,The Motley Fool,https://www.fool.com/investing/2025/01/10/is-tesla-stock-a-buy-now/?source=iedfolrf0000001,"Tesla's stock has retreated 19% from its all-time high, as the company faces increased competition and challenges in maintaining its pricing power and profit margins. While Tesla has seen tremendous growth in the past, the current valuation appears too high for an auto manufacturer facing headwinds."
2025-01-10,2025-01-10T12:34:49Z,19,Macro,1,7,0,2,Here's Why Vistra Was a Top Performer in the S&P 500 in 2024,"VST, MSFT, GOOG, GOOGL, AMZN, CEG, TLN",7,rate,The Motley Fool,https://www.fool.com/investing/2025/01/10/heres-why-vistra-was-a-top-performer-in-the-sp-500/?source=iedfolrf0000001,"Vistra, an integrated retail electricity and power generation company, saw its stock rise 257.9% in 2024 as it became a player in the booming artificial intelligence (AI) market. The company also significantly increased its nuclear power generation capacity, benefiting from the growing popularity of nuclear power as a reliable and carbon-free energy source for data centers."
